{
  "timestamp": "2025-10-08T09:22:29.932205",
  "beam_length_m": 0.2,
  "camera": {
    "index": 0,
    "frame_width": 640,
    "frame_height": 480
  },
  "ball_detection": {
    "lower_hsv": [
      19.0,
      89.0,
      245.0
    ],
    "upper_hsv": [
      35.0,
      149.0,
      255.0
    ]
  },
  "calibration": {
    "pixel_to_meter_ratio": 0.0005811498499499612,
    "position_min_m": -0.09069569845781582,
    "position_max_m": 0.08262195339008868
  },
  "servo": {
    "port": "/dev/cu.usbmodem211101",
    "neutral_angle": 30
  }
}