{
  "timestamp": "2025-10-04T21:40:25.818479",
  "beam_length_m": 0.2,
  "camera": {
    "index": 0,
    "frame_width": 640,
    "frame_height": 480
  },
  "ball_detection": {
    "lower_hsv": [
      10.0,
      158.0,
      182.0
    ],
    "upper_hsv": [
      23.0,
      242.0,
      248.0
    ]
  },
  "calibration": {
    "pixel_to_meter_ratio": 0.0003845698760800996,
    "position_min_m": -0.08791641984819387,
    "position_max_m": 0.07101826207245981
  },
  "servo": {
    "port": "/dev/cu.usbmodem11201",
    "neutral_angle": 30
  }
}